Ubicación,Tipo,Severidad,Descripción Breve,Recomendación,Línea/Rango,Archivo Afectado
tmp_sse.py,Código Muerto,CRÍTICO,Script de prueba SSE nunca importado,ELIMINAR INMEDIATAMENTE,1-10,tmp_sse.py
tmp_sse2.py,Código Muerto,CRÍTICO,Duplicado de tmp_sse.py,ELIMINAR INMEDIATAMENTE,1-10,tmp_sse2.py
tmp_test_sse.py,Código Muerto,CRÍTICO,Variante de prueba no usada,ELIMINAR INMEDIATAMENTE,1-10,tmp_test_sse.py
patch_main.py,Código Muerto - Script,MODERADO,Script de parche desactualizado,ELIMINAR,1-40,patch_main.py
insight_engine/interpretador.py,Código Muerto - Módulo,MENOR,InterpretadorInsight nunca se importa,REVISAR o ELIMINAR,1-58,insight_engine/interpretador.py
cache/cache_wallet.py,Código Muerto - Módulo,MENOR,CacheWallet nunca se usa,REVISAR o ELIMINAR,1-60,cache/cache_wallet.py
domain/modelos_wallet.py,Código Muerto - Modelo,MENOR,WalletAgente nunca se usa,REVISAR o ELIMINAR,1-15,domain/modelos_wallet.py
api/main.py:232 & agents/agente_chainsignal.py:156,Redundancia - Dirección,CRÍTICO,wallet_segura = "0x000...dEaD" duplicada en 2 archivos,MOVER A config.py como SAFE_WALLET_ADDRESS,232 & 156,api/main.py; agents/agente_chainsignal.py
api/main.py:247 & agents/agente_chainsignal.py:176,Redundancia - Monto,CRÍTICO,monto_swap_wei = 500000000000000 duplicado,CENTRALIZAR EN config.py como SWAP_AMOUNT_WEI,247 & 176,api/main.py; agents/agente_chainsignal.py
agente_ia/agente.py vs behavioral_scoring.py,Redundancia - Scoring,MODERADO,_calcular_score_riesgo() y _calcular_score_actividad() duplicadas,CONSOLIDAR EN BehavioralScorer,55-84 vs 44-116,agente_ia/agente.py; perfil_wallet/behavioral_scoring.py
api/main.py:110-111,Redundancia - Endpoints,MENOR,"/run-agent/{wallet}" Y "/ejecutar-agente/{wallet}" mismo handler,USAR UN ÚNICO endpoint EN PRODUCCIÓN,110-111,api/main.py
0x0000000000000000000000000000000000000000,Hardcode - Dirección,CRÍTICO,Verificación null address - CORRECTO COMO CONSTANTE,MANTENER como está,123,api/main.py
0x000000000000000000000000000000000000dEaD,Hardcode - Dirección,CRÍTICO,Dirección "burn wallet" - DUPLICADA,MOVER A config.py,232 & 156,api/main.py; agents/agente_chainsignal.py
0xdAC17F958D2ee523a2206206994597C13D831ec7,Hardcode - Dirección,CRÍTICO,USDT MAINNET en sistema SEPOLIA - RIESGO CRÍTICO,CAMBIAR A SEPOLIA USDT o usar config,322,agents/agente_chainsignal.py
0x1c7D4B196Cb0232491C26109653a6c6224a3383d,Hardcode - Dirección,MODERADO,USDC Sepolia - CORRECTAMENTE EN CONFIG CON FALLBACK,MANTENER EN config.py,17,infra/config.py
https://sepolia.etherscan.io,Hardcode - URL,MODERADO,URL Etherscan hardcoded en SSE,MOVER A config.py como ETHERSCAN_BASE_URL,309,api/main.py
500000000000000,Hardcode - Monto Wei,CRÍTICO,Monto swap ~0.0005 ETH - DUPLICADO,CENTRALIZAR EN config como SWAP_AMOUNT_WEI,247 & 176,api/main.py; agents/agente_chainsignal.py
1000000000000000,Hardcode - Monto Wei,MODERADO,Cantidad transferencia default 0.001 ETH,MOVER A config como RESCUE_TRANSFER_AMOUNT_WEI,11,strategy/estrategia_proteccion_wallet.py
confidence * 0.5,Hardcode - Ratio,MODERADO,Max amount ETH calculation - sin config,MOVER A config como MAX_AMOUNT_ETH_RATIO,35,decision_engine/engine.py
500000,Hardcode - Gas Limit,MODERADO,Gas limit para activity > 70,MOVER A config como GAS_LIMIT_HIGH,36,decision_engine/engine.py
250000,Hardcode - Gas Limit,MODERADO,Gas limit default,MOVER A config como GAS_LIMIT_DEFAULT,36,decision_engine/engine.py
60 & 80,Hardcode - Risk Threshold,MODERADO,Risk thresholds como parámetros pero con defaults hardcoded,DOCUMENTAR Y HACER ENV si es necesario,9-10,strategy/estrategia_proteccion_wallet.py
time.sleep(1),Hardcode - Timing,MODERADO,Delay artificial en x402_validation sin justificación,ELIMINAR o documentar razón,186,api/main.py
SSE paso names,Inconsistencia - Idioma,MENOR,Todos en inglés (correcto) pero "decision_final" mezcla,RENOMBRAR A "final_result",Multiple,api/main.py
SSE data structure,Inconsistencia - Campos,MENOR,Estructura variable entre pasos sin schema,DOCUMENTAR en README.md,Multiple,api/main.py
analyzing_wallet sin data,Inconsistencia - Campos,MENOR,Falta transaction_count e info en data payload,AGREGAR CAMPOS a payload,133,api/main.py
classifying_profile sin data,Inconsistencia - Campos,MENOR,Falta profile_type en data,AGREGAR profile_type,154,api/main.py
x402_validation artificial delay,x402 - Design,MODERADO,time.sleep(1) ralentiza SSE sin razón,REMOVER DELAY,186,api/main.py
x402 validación on-chain,x402 - Validación,CRÍTICO,No valida cantidad exacta de pago - solo >= required,IMPLEMENTAR VALIDACIÓN ESTRICTA DE MONTO,182-220,services/servicio_x402.py
x402 hash parsing,x402 - Parsing,CRÍTICO,Extrae recipient de topics sin validación robusta,AGREGAR TRY-CATCH Y LOGGING,195,services/servicio_x402.py
x402 file locking,x402 - Concurrencia,MODERADO,Locking platform-specific pero no es thread-safe Python,USAR MUTEX o Redis para persistencia,105-145,services/servicio_x402.py
cache/used_payments.json,x402 - Persistencia,MODERADO,Cache sin límite de tamaño sin cifrado,MIGRAR A Redis con TTL,usado en ValidadorX402,services/servicio_x402.py
MetaMask vs WDK,Integración - Separación,CRÍTICO,USDT Mainnet address en Sepolia - falla de red,USAR SEPOLIA ADDRESS O ENV CONFIGURABLE,322,agents/agente_chainsignal.py
WDK SimpleMocking,Integración - Fallbacks,MODERADO,WDK inactivo retorna valores sin detalles y silenciosamente,MEJORAR LOGGING Y EMITIR WARNINGS,múltiples,services/servicio_wdk.py; tools/*.py
tools/consultar_balance,Integración - Error Silent,MODERADO,Retorna 0.0 si WDK inactivo sin detallar motivo,MEJORAR LOGGING,40-45,tools/herramienta_consultar_balance.py
tools/transferir_activo,Integración - Error Silent,MODERADO,Retorna success=False sin detalles,MEJORAR LOGGING,20-30,tools/herramienta_transferir_activo.py
UI parsing SSE,Integración UI-API,MODERADO,Frontend depende de nombres exactos de "paso" y "estado",DOCUMENTAR CONTRATO EN SWAGGER/OpenAPI,N/A,api/main.py → frontend
URL hardcoded,Integración UI-API,MODERADO,https://sepolia.etherscan.io no configurable,USAR ENV settings.ETHERSCAN_BASE_URL,309,api/main.py
